loss,precision,hr,F1 Score,diversity,curr_epoch
60.2062416862039,0.013201732467099735,0.0013597900880793021,0.0024656192216454954,0.008831878877089685,0
9.302380894492654,0.0023738130934532736,0.0001017425806686558,0.00019512214786980832,0.003154242456103459,1
9.179973046358894,0.0025403964684324507,9.844418171854171e-05,0.00018954327656063355,0.0038902323625275995,2
9.154401366570417,0.027236381809095624,0.003149127153627664,0.005645508826382773,0.0016822626432551782,3
8.97578611093409,0.06892387139763417,0.010862637729011264,0.01876745966376483,0.0018925454736620755,4
8.765325365627513,0.0603031817424618,0.009543363730123338,0.016478844975316022,0.0014719798128482809,5
8.693761074963739,0.059303681492586656,0.009171216271358503,0.01588573057914521,0.0016822626432551782,6
8.65825759158415,0.05834582708645649,0.009184614668439397,0.015870885051974235,0.002102828304068973,7
8.631678002301385,0.06296851574212856,0.010904464364024721,0.018589690979811353,0.0024182525496793186,8
