loss,precision,hr,F1 Score,diversity,curr_epoch
9.807304478252636,0.0062052307179743535,0.0005936487168435245,0.0010836277621217073,0.004415939438544843,0
8.858693605591268,0.06438447442945157,0.00972440216730502,0.016896775431890842,0.0018925454736620755,1
8.653913736343384,0.06563384974179548,0.01103599397532888,0.018894906659795742,0.0030491010409000106,2
8.650917152797474,0.06350991171081088,0.010199532973140118,0.017576348360596853,0.0034696667017138053,3
8.551789143786712,0.06580043311677472,0.011200490458804493,0.019142552818506103,0.004205656608137946,4
8.523554223565494,0.06896551724137916,0.011863135837165214,0.02024399190024396,0.004941646514562086,5
8.628755916988148,0.0705897051474262,0.012207392212937523,0.020815131071074564,0.005257070760172432,6
8.49231134667116,0.06992337164750939,0.012025049822802232,0.02052100608537616,0.004836505099358637,7
8.482242334309746,0.07263035149092117,0.012504355435923532,0.02133549907581028,0.005677636420986227,8
8.619515559252571,0.07333833083458273,0.011887561670011194,0.020458898228018964,0.006729050573020713,9
8.468235299166512,0.07213060136598362,0.01204733828085394,0.020646306115430713,0.006518767742613816,10
8.463043993501103,0.07042312177244689,0.011781603252884852,0.020186121425426373,0.007044474818631059,11
8.799281677358291,0.0778360819590206,0.013407013059395664,0.0228740458027241,0.008306171801072442,12
8.454707880300633,0.07283858070964505,0.012388480799166761,0.02117541875984306,0.008516454631479339,13
8.44906205850489,0.07529568549058789,0.012347836930678133,0.021216373334529807,0.008621596046682788,14
8.442999767135172,0.07633683158420783,0.012807205538411482,0.02193442262223909,0.009673010198717275,15
8.704694931086372,0.07642012327169752,0.012740327750386889,0.021839670078950962,0.009357585953106928,16
8.435071557830362,0.07825254039646855,0.012928197346333097,0.022190307078916238,0.009778151613920724,17
8.430330282660092,0.0756288522405464,0.012138461545370328,0.02091935767526415,0.009462727368310378,18
