loss,precision,hr,F1 Score,diversity,curr_epoch
24.650180381606607,0.012410461435948664,0.000795726028636346,0.0014955606557084831,0.003679949532120702,0
9.172628291634952,0.034066300183241874,0.00336544372360791,0.006125721335534913,0.0012616969824413838,1
8.92798226777245,0.060844577711144134,0.00882979886535973,0.01542160575049412,0.0014719798128482809,2
8.722912681523491,0.05980343161752421,0.008837215056648006,0.015398916296296037,0.0013668383976448322,3
8.667473050426034,0.06213559886723266,0.010002956373260397,0.01723183067981521,0.001997686888865524,4
8.632917892932891,0.06409295352323797,0.010862054243788798,0.0185759740023748,0.001997686888865524,5
8.604725404767429,0.06684157921039449,0.010547075597293617,0.018219290430268188,0.0024182525496793186,6
