seed,train_batch_size,embed_dims,noise_hidden_dims,gen_conv_dims,learning_rate_gen,dis_conv_dims,learning_rate_dis
0,16,16,16,16,0.00005,16,0.00005
0,16,32,32,32,0.00005,32,0.00005
0,16,32,32,64,0.00005,64,0.00005
0,16,32,32,128,0.00005,128,0.00005
0,16,32,32,256,0.00005,256,0.00005
0,16,64,64,128,0.00005,128,0.00005
0,32,64,64,128,0.00005,128,0.00005
0,64,64,64,128,0.00005,128,0.00005
0,16,64,64,128,0.0001,128,0.00005
0,32,64,64,128,0.0001,128,0.0001
0,64,64,64,128,0.0001,128,0.0001
0,128,64,64,128,0.0001,128,0.0001
0,32,64,64,128,0.0001,256,0.0001
0,32,64,64,64,0.0001,256,0.0001
0,32,64,64,256,0.0001,128,0.0001
0,32,64,64,256,0.0001,64,0.0001