loss,precision,hr,diversity,curr_epoch
21.75615178470631,0.010041666666666659,0.0011368398588703112,0.5500998843444432,0
4.519246282096258,0.011999999999999981,0.0012305026907831122,0.5056250657133845,1
4.216748005820843,0.015999999999999927,0.001396773205540707,0.4456944590474188,2
3.9972358896607108,0.019291666666666672,0.002398830669460555,0.38965408474398067,3
3.8358083284478233,0.023291666666666724,0.002072489262960743,0.3530648722531805,4
3.7193238563321525,0.023000000000000055,0.002455798293129785,0.3481232257386184,5
3.6322935506563354,0.025125000000000126,0.0025625449036322627,0.3289874881715908,6
3.557693898370902,0.026583333333333424,0.0023272523989424916,0.34276101356324257,7
3.4979678270868364,0.026791666666666786,0.00216404630855155,0.33455998317737357,8
