loss,precision,hr,diversity,curr_epoch
11.721627286484754,0.012374999999999968,0.0010515457939814074,0.038061192303648406,0
5.886689934990802,0.02091666666666667,0.001555202700658947,0.07244243507517611,1
5.660543130428734,0.027500000000000142,0.0024784876456893866,0.09788665755441069,2
5.493801296678066,0.03291666666666679,0.002937643035404897,0.1160761223846073,3
5.344083837573978,0.03616666666666672,0.0034013407776217466,0.11660182946062454,4
5.205225471610512,0.039500000000000035,0.005001693641748367,0.11292187992850383,5
5.083394625159911,0.042374999999999934,0.0045743929488489925,0.11428871832614867,6
4.979260419105035,0.040166666666666614,0.004167337880266659,0.11849437493428662,7
