loss,precision,hr,diversity,curr_epoch
35.67894179838202,0.010083333333333321,0.0006363314742899665,0.38702554936389444,0
4.525168369776434,0.011374999999999977,0.0007071703001086042,0.48354536852066027,1
4.273106896668581,0.016291666666666604,0.0015448262121432734,0.538324045841657,2
4.075471469720041,0.022291666666666727,0.0017551965954121698,0.49847544947954997,3
3.9160978771999373,0.027833333333333484,0.0025075716186832788,0.37735253916517714,4
3.792844317845778,0.03041666666666684,0.0031935848838208825,0.3261486699610977,5
3.700486880988957,0.03141666666666684,0.003552401900246626,0.34896435706024603,6
3.6268872384799127,0.033250000000000154,0.00361272589576824,0.32330985175060456,7
3.5549368372169754,0.03225000000000014,0.0033943723934567824,0.3132162758910735,8
