loss,precision,hr,diversity,curr_epoch
9.809647383331393,0.03983333333333323,0.007510333532111927,0.08274629376511408,0
5.674875687619807,0.045958333333333046,0.008214644842444127,0.1318473346651246,1
5.442379631784991,0.04270833333333315,0.0066824378470138855,0.14814425402165912,2
5.2557001428181795,0.04079166666666659,0.004808330159407627,0.1430974660918936,3
5.100647360117134,0.040541666666666684,0.004651763432159413,0.12659026390495215,4
4.972771770308364,0.03887499999999999,0.004533539197212009,0.11649668804542108,5
4.86592784895342,0.03700000000000005,0.003331879958621142,0.11050362737882452,6
4.776951045381053,0.03591666666666672,0.0028451077530424044,0.108505940489959,7
