loss,precision,hr,diversity,curr_epoch
38.52815437120463,0.019666666666666645,0.0019790535796825725,0.24834402271054568,0
8.983958707410693,0.020291666666666694,0.002219125234115124,0.24908001261696983,1
7.842705260590103,0.026666666666666797,0.0029004872711963347,0.24413836610240774,2
7.454679778380939,0.02670833333333346,0.0028285847501611718,0.231311113447587,3
7.268137446638239,0.030250000000000162,0.0032940103480581465,0.21890442645358008,4
7.148276447881508,0.03162500000000013,0.0029347069850127077,0.20523604247713173,5
7.051462980303779,0.0317083333333335,0.003207717346692745,0.19472190095678688,6
6.965186903822925,0.035875000000000046,0.00413070787640077,0.18431290085164545,7
