loss,precision,hr,diversity,curr_epoch
13.878563976680704,0.013041666666666629,0.0010445567193221367,0.2863000735989906,0
5.850198952471559,0.020208333333333328,0.0017639594256933138,0.3028072757859321,1
5.619834053774204,0.024541666666666757,0.0020523574310212455,0.27673220481547683,2
5.454863869444104,0.02712500000000009,0.0022298165961570377,0.2637998107454526,3
5.310965861154511,0.029041666666666827,0.0024936474933002035,0.25633477026600776,4
5.176108999183568,0.02891666666666677,0.0023880101149876955,0.2624329723478078,5
5.052818435841805,0.028791666666666813,0.0028773775942820975,0.27252654820733885,6
4.946204840584469,0.028750000000000137,0.002650925886143981,0.28892860897907685,7
4.8550439823791,0.029791666666666813,0.00239036675364659,0.3058563768268321,8
