loss,precision,hr,diversity,curr_epoch
10.814878328698548,0.02854166666666678,0.002895804027283276,0.14425402165913154,0
7.12422464461086,0.03558333333333334,0.0038173925594533775,0.14046893071180738,1
6.799778419714632,0.03516666666666676,0.003906920724100002,0.16013037535485228,2
6.558661346946268,0.037916666666666696,0.0036866843673307283,0.18999053727263168,3
6.335784895903787,0.0312916666666668,0.003050765489716841,0.2464514772368836,4
6.140191404262114,0.033666666666666754,0.004083324798940636,0.2759962149090527,5
6.015606165177791,0.03116666666666685,0.002882271112915719,0.28493323520134584,6
5.9361957310402556,0.03270833333333348,0.0045958453946027145,0.292713699926401,7
5.875792660993111,0.03600000000000007,0.0035607226070978977,0.29492166964567346,8
