loss,precision,hr,F1 Score,diversity,curr_epoch
14.7029002014131,0.06159420289855043,0.009267850482867802,0.016111468291853864,0.004941646514562086,0
8.714041139455274,0.0660086623354986,0.011435528007935455,0.019493880781928694,0.003995373777731048,1
8.570429987350323,0.06450941196068605,0.011342263152664808,0.01929246058675317,0.004836505099358637,2
