loss,precision,hr,diversity,curr_epoch
9.264793671349306,0.06288522405463895,0.01056754874230658,0.00462622226895174,0
8.462971632835243,0.07562885224054644,0.014112188220320772,0.008411313216275891,1
8.406280233109579,0.07350491420956182,0.012404799607146747,0.0116706970875828,2
8.370544025892896,0.07183908045976997,0.011337532255481227,0.016612343602144884,3
8.336938730908372,0.08250041645843763,0.01443826018796321,0.021238565871096626,4
8.312866631259586,0.07921039480259878,0.012082461999338677,0.02639049521606561,5
