loss,precision,hr,F1 Score,diversity,curr_epoch
37.269815848995655,0.00653839746793271,0.0003289198512954756,0.0006263315419666226,0.0027336767952896644,0
9.255908361743478,0.036481759120439855,0.0038274449087051456,0.006928041700112765,0.002102828304068973,1
8.951105946372538,0.0627186406796597,0.009998602080596,0.017247593758726646,0.0015771212280517295,2
8.7314055148293,0.06829918374146236,0.01076154884646921,0.018593427557485588,0.002628535380086216,3
8.659035475674797,0.06151091121106076,0.01011209444523489,0.017368836671378365,0.004205656608137946,4
8.619003912140341,0.06392637014825879,0.010149558543663567,0.017517821180537182,0.003154242456103459,5
8.590167848502889,0.06417624521072754,0.009789132060009581,0.016987129996886136,0.004941646514562086,6
