loss,precision,hr,F1 Score,diversity,curr_epoch
14.888559069352992,0.06205230717974307,0.009797761493925422,0.016923399437688443,0.0034696667017138053,0
8.583760718598086,0.0714226220223221,0.01284885853252337,0.021779590446128427,0.008937020292293135,1
8.429371471124536,0.08812260536398507,0.014830893137432372,0.025388878710661665,0.021343707286300074,2
8.37085317219005,0.11802432117274801,0.019501651654328954,0.03347250197086272,0.03017558616338976,3
8.333042406615089,0.12339663501582637,0.021206158881225082,0.03619250468171645,0.03795605088844496,4
8.30445609829005,0.14201232716974854,0.02605461155495302,0.04403098013802142,0.046051939859110505,5
8.278683104094338,0.1408878893886392,0.023482106527457938,0.04025484588734169,0.04962674797602776,6
