loss,precision,hr,F1 Score,diversity,curr_epoch
9.803168833676507,0.039022155588872245,0.0037413460221413586,0.006828037045039722,0.0016822626432551782,0
8.749326284913456,0.06534232883558187,0.010589504180048512,0.018225369699584725,0.0018925454736620755,1
8.61698813606711,0.06525903714809227,0.011595510073656402,0.019692050763489066,0.003259383871306908,2
9.748478599716636,0.0625520573046806,0.009994842201739015,0.01723569019235882,0.004521080853748291,3
8.541465125364416,0.06434282858570686,0.01096239014121882,0.018733129035953103,0.004836505099358637,4
8.516792005370645,0.06500916208562349,0.010527109207204007,0.01811999816859288,0.0051519293449689835,5
10.821774734609267,0.06704980842911842,0.010962739678017216,0.01884439396236351,0.005993060666596573,6
8.577608256901012,0.06738297517907688,0.011665035010165695,0.019887275155220183,0.005572495005782778,7
8.49627785093644,0.06879893386640003,0.010949388275669563,0.018892090005688904,0.007359899064241404,8
8.480600495899425,0.06913210061635829,0.01098117557230897,0.018951958293727807,0.008201030385868995,9
14.461026203211617,0.07183908045976999,0.011112585910711877,0.01924778580794891,0.0071496162338345074,10
8.561575323273154,0.07221389305347321,0.011021980574462758,0.019124929955071108,0.007885606140258648,11
8.486327155337614,0.07083958020989495,0.010731149206224498,0.018638796303039242,0.007990747555462096,12
17.13458286930533,0.07208895552223879,0.011775134881469078,0.020243638741023213,0.009673010198717275,13
8.769394341637106,0.07325503914709315,0.010832314590147647,0.018873744840027174,0.008621596046682788,14
8.790555507716011,0.07054805930368145,0.01106069656329022,0.019123209729088098,0.009673010198717275,15
9.691965010306415,0.07612860236548386,0.012138596405103314,0.020938568162811873,0.008411313216275891,16
8.648894965508404,0.07221389305347307,0.01187548092748916,0.0203967438228382,0.009462727368310378,17
8.72879071263706,0.07562885224054641,0.011401790860456082,0.01981610902868562,0.009883293029124171,18
10.097543973081253,0.07629518574046301,0.011828103654561327,0.02048101861556609,0.01009357585953107,19
8.609092383384704,0.07783608195902064,0.01270950008410935,0.02185104270981874,0.009462727368310378,20
8.654653955908383,0.0739213726470098,0.011262160230007201,0.019546368060940403,0.00925244453790348,21
8.721981845182532,0.09220389805097493,0.015072321476819443,0.02590931706873047,0.01082956576595521,22
