loss,precision,hr,F1 Score,diversity,curr_epoch
12.459545055949226,0.0540979510244875,0.00899884340160166,0.015430862820999031,0.0017874040584586269,0
8.81200088464936,0.06500916208562357,0.01059823794914175,0.018225268117696394,0.0035748081169172537,1
