loss,precision,hr,F1 Score,diversity,curr_epoch
9.237099960271049,0.0643844744294515,0.010636992432748958,0.018257632006863877,0.0029439596256965617,0
8.609395873686847,0.06467599533566519,0.010963073351714862,0.018748186440279806,0.0051519293449689835,1
8.504985997536604,0.07083958020989485,0.0118483799032718,0.020301244760819275,0.007359899064241404,2
8.498726272302516,0.0780443111777446,0.014082346104216999,0.023859478546073423,0.007570181894648302,3
8.455112239613252,0.07454606030318181,0.012181710192257252,0.02094135471026895,0.009778151613920724,4
8.43547360420227,0.06946526736631672,0.011046160829208125,0.019061257080393672,0.012511828409210389,5
8.473289162130916,0.0815842078960522,0.013255646463278158,0.02280584305326405,0.013458101146041426,6
8.404927030170665,0.09682658670664715,0.01682410439023986,0.028667148202636196,0.01692776784775523,7
8.39029032903559,0.09599366983175132,0.01665154902542566,0.02838013571371546,0.016822626432551783,8
8.376435863550972,0.11352657004831011,0.0201679351574838,0.03425116836120558,0.021869414362317315,9
8.378013541838701,0.1056138597367987,0.01828378640249125,0.031171233881221252,0.022079697192724214,10
8.356114483721116,0.0962851907379647,0.016219626064978745,0.027762540907032233,0.02470823257281043,11
8.347850054853103,0.11427619523571624,0.019723647168932424,0.033640985156249865,0.023025969929555253,12
8.360140485202566,0.12252207229718558,0.0209960590457942,0.03584885951750664,0.027757333613710442,13
8.332936308243696,0.11140263201732527,0.018917991944309098,0.03234352370349348,0.029755020502575964,14
8.325600319189183,0.12327169748459173,0.02016479983980769,0.034659924803772744,0.03175270739144149,15
8.357189797233133,0.14005497251374344,0.023806975306236707,0.04069627288714301,0.0343812427715277,16
8.3120324196535,0.1475512243878061,0.026088490617591255,0.04433765320261818,0.03816633371885186,17
