loss,precision,hr,F1 Score,diversity,curr_epoch
9.423902842297274,0.059720139930034666,0.007854305273559606,0.013882769102342245,0.0014719798128482809,0
8.686413339727066,0.06821589205397274,0.011468028000561476,0.019635122359011593,0.00231311113447587,1
8.580444109019112,0.06471764117940997,0.01045885463917517,0.018007553938644994,0.0038902323625275995,2
8.53141560975243,0.06779943361652487,0.01095378942263155,0.01886045269384965,0.005467353590579329,3
8.486834794493282,0.07175578877228041,0.012322169554866143,0.021032551536392833,0.006623909157817264,4
8.472656712532043,0.07042312177244694,0.011978027960176031,0.020473746406945915,0.007885606140258648,5
8.46829404999228,0.07596201899050475,0.013860983211298946,0.02344406764668605,0.009147303122700031,6
8.45159885041854,0.08537397967682854,0.013764195991425853,0.023706391224549483,0.011144990011565556,7
8.436677402889027,0.08612360486423488,0.01381128827553911,0.02380505740762451,0.012932394070024182,8
8.426153782115263,0.10015825420623076,0.017636786289888514,0.029992259727807728,0.013037535485227632,9
8.47240071296692,0.09932533733133488,0.016407264978683757,0.02816245545618888,0.014509515298075912,10
8.410201765509212,0.11823255039147185,0.02022856852687595,0.03454652492172336,0.015560929450110398,11
8.400676522254944,0.11723305014159695,0.02084574455154777,0.03539732833968386,0.01839974766060351,12
8.390350168452544,0.12243878060969615,0.021576399176092893,0.03668763263703609,0.018820313321417308,13
8.391820567074944,0.13264201232717043,0.02328755406609735,0.03961927304683758,0.021133424455893175,14
8.372426043117748,0.1330584707646184,0.02312335462133801,0.03939969580019858,0.020607717379875934,15
8.365366996877334,0.14767616191904057,0.026968281644926383,0.04560777595441499,0.02239512143833456,16
8.370673766416662,0.1372647009828424,0.02337741140551544,0.039950836534984754,0.023025969929555253,17
8.354627622436075,0.14017991004497798,0.024655105263219207,0.041934663353965895,0.023761959835979393,18
8.350195591870476,0.1472597034815927,0.02560244727782306,0.04362098675704428,0.024182525496793186,19
8.362986417377696,0.14459436948192567,0.025273902905199895,0.04302703504979854,0.02554936389443802,20
