loss,precision,hr,F1 Score,diversity,curr_epoch
5.659524171265882,0.03861184930436104,0.004425661219289014,0.007941117503877842,0.05963256701134424,0
11.72374461861191,0.05354072221353796,0.008326694987097363,0.014412021171508055,0.002409396646923,1
8.744055058135112,0.053983638163722876,0.009014564219626063,0.015449297110882639,0.0034133119164742494,2
8.64290551371365,0.05460893126986632,0.008989808637697449,0.015438162540289109,0.003915269551249875,3
8.594076899098106,0.05786566619769725,0.00927872466996737,0.01599298400221961,0.005119967874711374,4
8.5647924114685,0.06091397009014699,0.010415834934867828,0.017789754436141895,0.005722317036442125,5
8.545811645761558,0.06166953259340361,0.010504412334198101,0.017951137338223552,0.0061238831442626245,6
