loss,precision,hr,F1 Score,diversity,curr_epoch
9.89249924884123,0.03698150924537735,0.003896215107385224,0.0070497033431856345,0.0024182525496793186,0
8.741852915146772,0.06609195402298816,0.010657507241775976,0.018355190173732248,0.002102828304068973,1
9.680638422685512,0.06213559886723268,0.01030284203424016,0.017674959644775952,0.004415939438544843,2
8.558899392801173,0.06375978677327973,0.010548505488003549,0.01810216438098135,0.003679949532120702,3
8.540366997999303,0.06359320339830057,0.010357180278900691,0.017813194181223926,0.004205656608137946,4
8.515068063174978,0.0698817258037646,0.011285658318276975,0.019432960385343753,0.005993060666596573,5
12.573388787157395,0.06963185074129581,0.011389265498726086,0.019576517136863147,0.006308484912206918,6
8.504607006802278,0.06834082958520725,0.011845343645733366,0.020191027426631706,0.005467353590579329,7
8.491374529109281,0.06992337164750939,0.011655808494085667,0.019980917380379385,0.006308484912206918,8
8.480428938024184,0.07329668499083791,0.012101952475298616,0.020773937961429248,0.007044474818631059,9
21.545631527059218,0.0690904547726135,0.011153297264857859,0.019206140308178403,0.006518767742613816,10
8.645090085197898,0.07004830917874381,0.011425773917382786,0.019646889257457785,0.006413626327410367,11
8.518486299795264,0.07696151924037983,0.012972250211101889,0.022202207030838302,0.0076753233098517505,12
12.829703836721533,0.07313010161585864,0.012878102209204337,0.021899699826171487,0.007570181894648302,13
8.576864513509413,0.07008995502248849,0.011836012256691807,0.020252078657555805,0.008095888970665545,14
11.761317509482888,0.07192237214725966,0.011895181325577054,0.020414092814926725,0.008095888970665545,15
8.54635074671577,0.07054805930368133,0.011921116211557826,0.020395780804275197,0.007465040479444854,16
8.500613381441902,0.07071464267866055,0.011801617454959043,0.020227459654770578,0.008516454631479339,17
12.029622159845689,0.07608695652173919,0.012317647922836895,0.021202794760369136,0.009042161707496582,18
