loss,precision,hr,diversity,curr_epoch
10.815348979250656,0.01758333333333332,0.00158279321205106,0.29040058879192515,0
