loss,precision,hr,diversity,curr_epoch
7.994260769302887,0.021875000000000037,0.002256655496263171,0.27210598254652507,0
5.680482082583018,0.025416666666666754,0.0023427502029599607,0.19945326464094207,1
5.436036756183534,0.0252083333333334,0.0025616702246460646,0.18820313321417306,2
5.268010001472293,0.0232083333333334,0.0023752539904330927,0.1962990221848386,3
5.1259424605403945,0.022250000000000065,0.0024383382919992043,0.2217432446640732,4
4.99911737638448,0.023416666666666718,0.0020012454026817313,0.2354116286405215,5
4.89198399179382,0.02041666666666667,0.0017865333288371418,0.25927872989170436,6
4.801873819958169,0.02183333333333335,0.0018731984552063836,0.26401009357585953,7
4.723862108315056,0.02212500000000004,0.0025766589910825163,0.2714751340553044,8
