loss,precision,hr,F1 Score,diversity,curr_epoch
23.2402205063315,0.01703315009162082,0.0017037721461646807,0.003097691960211268,0.02397224266638629,0
10.393710576506223,0.04735132433783088,0.006266201240434404,0.01106775906205582,0.0029439596256965617,1
8.725213508605957,0.056471764117940595,0.007866146449119338,0.013808815451935888,0.0069393334034276105,2
8.481174786231097,0.05705480593036788,0.006999368370673052,0.012469057899241907,0.0038902323625275995,3
8.419322561656728,0.0793353323338332,0.009874209238129856,0.017562553458677077,0.00925244453790348,4
8.376773350659539,0.08795602198900596,0.014947475388520062,0.025552493500379882,0.011144990011565556,5
8.343136002877179,0.10807096451774198,0.017765201932640712,0.030514319720156998,0.017453474923772475,6
8.324794338731206,0.11548392470431516,0.018827375077778388,0.03237641463360974,0.023236252759962148,7
