seed,train_batch_size,neg_sample_per_training_example,embed_dims,lr,weight_decay
9023912,512,3,16,0.0001,0.0000001
9023912,512,3,32,0.0001,0.0000001
9023912,512,3,64,0.0001,0.0000001
9023912,512,3,128,0.0001,0.0000001
9023912,512,3,32,0.001,0.0000001
9023912,512,5,64,0.0001,0.0000001
9023912,512,5,32,0.0005,0.0000001