loss,precision,hr,diversity,curr_epoch
9.140573370468973,0.04137499999999987,0.004871657101962604,0.10776995058353485,0
6.688557957768072,0.03766666666666665,0.00394067060170989,0.1195457890863211,1
6.417228081935957,0.03312500000000013,0.003074352997950605,0.13647355693407634,2
6.219925856369286,0.029875000000000138,0.0029582934972854818,0.16402060771737986,3
6.070588374604403,0.031458333333333505,0.0028838561407242406,0.1817895068867627,4
5.954747606134071,0.033208333333333506,0.002959489634697088,0.19577331510882137,5
5.8636499708393695,0.031125000000000177,0.0027745789588997346,0.21301650720218693,6
5.788410684230031,0.02783333333333343,0.0022892755991521497,0.2235306487225318,7
5.724005269464087,0.03129166666666685,0.0027865981194369633,0.2280517295762801,8
