loss,precision,hr,F1 Score,diversity,curr_epoch
10.32037720820483,0.006288522405463943,0.00032191900326337204,0.0006124840202331012,0.007990747555462096,0
8.98347892480738,0.0646759953356651,0.010357345235431852,0.017855305575844242,0.0015771212280517295,1
8.681967473871568,0.06571714142928489,0.01097145834993403,0.018803652228463384,0.001997686888865524,2
8.622031668775222,0.0636348492420452,0.010669654833945523,0.01827512033801914,0.0029439596256965617,3
8.571660228336558,0.06205230717974315,0.010802183763417007,0.018401073603617465,0.004205656608137946,4
8.535684011403252,0.06563384974179548,0.010673692602105692,0.018361370709057055,0.004100515192934497,5
8.507322752335492,0.06725803764784256,0.011080075582635055,0.01902583838049034,0.00536221217537588,6
8.490309556792765,0.06879893386639997,0.01146607006575157,0.019656222700193793,0.005677636420986227,7
8.479249759281382,0.06950691321006146,0.01196769863993893,0.020419558235438267,0.006834191988224161,8
8.46914298029507,0.07117274695985325,0.011947007701322093,0.020459669533908893,0.007885606140258648,9
8.462036246411941,0.07167249708479077,0.012029888647175638,0.02060185385291282,0.009462727368310378,10
8.453181182636934,0.07325503914709289,0.011896556933163873,0.02046897025942185,0.009778151613920724,11
8.446359682644115,0.07987672830251541,0.012786787127915623,0.022044635723871907,0.009673010198717275,12
8.43858244194704,0.07691987339663499,0.012624700662197166,0.021689541478383687,0.009462727368310378,13
8.432823111309725,0.07400466433449944,0.012984039006464165,0.022092051300342655,0.01009357585953107,14
8.425566230100744,0.08212560386473441,0.013087366588578973,0.022576921588917706,0.0116706970875828,15
8.419701536402982,0.08112610361485939,0.013112753434793373,0.022576389976093632,0.010934707181158658,16
8.415213510288911,0.09312010661336036,0.01606764857773196,0.027406390871683967,0.013037535485227632,17
