seed,train_batch_size,neg_sample_per_training_example,hidden_layers_dims,lr,weight_decay,dropout
9023912,512,3,"[32,32,16,8]",0.005,0.0000001,0.5
9023912,512,3,"[32,32,16,8]",0.005,0.0000001,0.3
9023912,512,3,"[32,32,16,8]",0.005,0.0000001,0.1
9023912,512,3,"[64,64,32,16]",0.005,0.0000001,0.5
9023912,512,3,"[64,64,32,16]",0.005,0.0000001,0.3
9023912,512,3,"[64,64,32,16]",0.005,0.0000001,0.1
9023912,512,3,"[128,64,32,16]",0.005,0.0000001,0.5
9023912,512,3,"[128,64,32,16]",0.005,0.0000001,0.3
9023912,512,3,"[128,64,32,16]",0.005,0.0000001,0.1