loss,precision,hr,diversity,curr_epoch
10.518365762751822,0.029875000000000165,0.0027366169582016555,0.2750499421722216,0
5.633228382047737,0.03583333333333342,0.0036684283480663423,0.21007254757649038,1
5.414149847629755,0.036791666666666695,0.00413370789794902,0.1813689412259489,2
5.2347744540009264,0.036083333333333405,0.003491235130826323,0.1733781936704868,3
5.077470799062082,0.0367916666666667,0.004193961051231252,0.17411418357691094,4
4.9437879229426756,0.03162500000000015,0.0030519198223977195,0.1815792240563558,5
4.834310023841112,0.03191666666666683,0.0031585599139807826,0.1962990221848386,6
4.742312835492999,0.0317500000000002,0.002903710764029167,0.1962990221848386,7
4.6641854228246595,0.030791666666666825,0.003174617091378551,0.19871727473451792,8
