loss,precision,hr,F1 Score,diversity,curr_epoch
5.659524171265882,0.038403418268979896,0.005286917885330894,0.009294307930568764,0.07479168758156812,0
10.359729332289522,0.054530769631598516,0.008697101166573412,0.01500160021807451,0.0028109627547434997,1
8.73216136474658,0.05361888385180579,0.009261298289031333,0.015794498691631423,0.0035137034434293743,2
8.636093902587891,0.055208170496587196,0.009090359363068162,0.01561037587288329,0.0041160526051601245,3
8.590303959048226,0.058647282580376596,0.009528933460200485,0.016394164586587493,0.005521533982531874,4
8.562497594931717,0.0626074722526189,0.010421308650550156,0.017868346810838882,0.005621925509486999,5
8.544224904101036,0.06299828044395867,0.010479792789807884,0.01797022965113616,0.006425057725127999,6
8.530704712397274,0.06383200458548342,0.010763133459897477,0.01842029929479803,0.006927015359903624,7
