loss,precision,hr,F1 Score,diversity,curr_epoch
10.748405654661253,0.06525903714809235,0.010087628404293076,0.01747413537004417,0.001156555567237935,0
8.741973242420684,0.059345327336331445,0.010039450259732715,0.017173636136997635,0.0022079697192724213,1
8.660032665420127,0.06267699483591507,0.009384735075485477,0.016325086632969568,0.00231311113447587,2
