loss,precision,hr,F1 Score,diversity,curr_epoch
5.659524171265882,0.03861184930436104,0.004425661219289014,0.007941117503877842,0.05963256701134424,0
10.423393649344684,0.05440050023448526,0.008639035447167832,0.01491025734208124,0.0028109627547434997,1
8.736997088560399,0.05403574592256813,0.00905448983076133,0.015510042278695275,0.0036140949703844997,2
8.63918014856602,0.055208170496587175,0.009085112922193607,0.01560263954547691,0.004015661078204999,3
8.592010431681219,0.05838674378615014,0.00967007691241723,0.016592144542818932,0.005320750928621624,4
8.56364233167516,0.061200562763795985,0.01032694247253435,0.017671934421877065,0.005421142455576749,5
8.545002201391132,0.06224271794070192,0.010693508159692763,0.018251369662701793,0.006425057725127999,6
