Slate Size,Random,PopK,ALS,BPR,MLP
3,0.8588495131010943,0.0014858841010401188,0.10400562192550948,0.017166951109326374,
4,0.9257102700532075,0.001981178801386825,0.11484790683666299,0.019777130810159624,
5,0.9596426061640397,0.0024764735017335313,0.11484790683666299,0.022086135930127496,
6,0.9782150386507379,0.0029717682020802376,0.130910551149483,0.024294749523140247,
7,0.9912659371549041,0.003467062902426944,0.13854030719807248,0.026503363116152995,
8,0.9928722015861862,0.00396235760277365,0.14516614797711072,0.02780845296656962,
9,0.9972894287722116,0.004457652303120356,0.1497841582170465,0.029515108924806747,
10,0.9984941270956731,0.004952947003467063,0.1547033430378476,0.031121373356088746,
