Slate Size,Random,PopK,ALS,BPR,MLP
3,0.00745373990096430,0.10037453183520603,0.2357876087749452,0.15486425928820957,
4,0.008131352619233777,0.09269662921348315,0.22877911521025482,0.1468657183054557,
5,0.007412040656763115,0.09393258426966294,0.22122870095357683,0.13984680318899645,
6,0.007505863956215774,0.09063670411985021,0.21387629618050238,0.13503725704757324,
7,0.007126102982240618,0.0892455858747994,0.20828960003572777,0.13055226780410478,
8,0.007818608287724784,0.09213483146067415,0.20394325465061747,0.12666093481319368,
9,0.00658500564677267,0.09063670411985014,0.19955534712451403,0.12365171173987437,
10,0.007849882720875742,0.0887640449438203,0.19581053618883887,0.12135375957480356,
