Slate Size,Random,PopK,ALS,BPR,MLP
3,0.00031162804302827424,0.011931204265234217, , ,
4,0.0003915870750185527,0.012776893642231753, , ,
5,0.0004744931089994022,0.014379039634489088, , ,
6,0.0005462164091037075,0.015535749208952366, , ,
7,0.0005683293082335751,0.016810069734833014, , ,
8,0.0008471576228696862,0.01875131900471056, , ,
9,0.0008611287310710468,0.020826357917392475, , ,
10,0.0012805355339357517,0.02390384476080211, , ,
