Slate Size,Random,PopK,ALS,BPR,MLP
3,0.00031162804302827424,0.011931204265234217,0.016985191573970736,0.011824401122845371,
4,0.0003915870750185527,0.012776893642231753,0.021454604453357517,0.014185298436156228,
5,0.0004744931089994022,0.014379039634489088,0.02557799127137438,0.016758070898967872,
6,0.0005462164091037075,0.015535749208952366,0.02911344922022047,0.018616825142876377,
7,0.0005683293082335751,0.016810069734833014,0.03284352684902082,0.020326720082329285,
8,0.0008471576228696862,0.01875131900471056,0.03629165653091458,0.0218778212099015,
9,0.0008611287310710468,0.020826357917392475,0.0399935131541554,0.023796525140636494,
10,0.0012805355339357517,0.02390384476080211,0.043352592749581566,0.025537701924416116,
