loss,precision,hr,diversity,curr_epoch
11.929226627801645,0.017874999999999957,0.0016314766089764775,0.3146882557039218,0
5.783911301841696,0.024500000000000084,0.002574478133547954,0.23677846703816632,1
5.5292520768610505,0.027250000000000094,0.002514238200958458,0.20933655767006623,2
5.357824986553094,0.02629166666666676,0.0021827678413133223,0.21459362843023866,3
5.215600167931538,0.026458333333333448,0.0024701617980324234,0.234360214488487,4
5.086341583888391,0.026416666666666762,0.002572979026390627,0.2524445379034802,5
4.968863564834045,0.025000000000000116,0.0023648190963220074,0.2756807906634423,6
4.869295757167985,0.025041666666666768,0.0025931490353428618,0.28808747765744924,7
4.7842576825410035,0.026208333333333427,0.0026082772952164494,0.2905057302071286,8
