seed,train_batch_size,neg_sample_per_training_example,hidden_layers_dims,lr,weight_decay,dropout
0,256,2,"[32,64,32]",0.001,0.001,0.0
0,256,2,"[32,64,32]",0.0001,0.0000001,0.0
0,256,2,"[32,128,64]",0.001,0.001,0.0
0,256,2,"[32,256,128]",0.0001,0.0000001,0.0
0,256,2,"[32,128,64,32]",0.001,0.001,0.0
0,256,2,"[32,256,128,64]",0.0001,0.0000001,0.0
0,256,2,"[64,128,64,32]",0.001,0.001,0.0
0,256,2,"[64,256,128,64]",0.0001,0.0000001,0.0