loss,precision,hr,F1 Score,diversity,curr_epoch
9.50809104162104,0.061385973679826365,0.00926114629606937,0.016094201234799245,0.0030491010409000106,0
8.710662174505346,0.0616358487422952,0.010423406104792407,0.017831310729421648,0.003259383871306908,1
8.580220205363105,0.062010661335998335,0.010630129451631942,0.018149068869862013,0.004941646514562086,2
8.58452715621275,0.06684157921039448,0.01206649057477154,0.02044260587645734,0.005782777836189675,3
8.504020318143509,0.06734132933533203,0.011661767781956926,0.01988071287056081,0.006518767742613816,4
8.485324730873108,0.06850741296018632,0.011512763050477978,0.019712768752389594,0.007359899064241404,5
8.540709513776443,0.0706729968349157,0.011586387649172403,0.019908846699830618,0.0071496162338345074,6
8.463902292251587,0.07133933033483243,0.011899845249112785,0.02039729454801521,0.008937020292293135,7
8.452143878375782,0.07475428952190573,0.012332904199458504,0.021172745423902167,0.00925244453790348,8
8.495558776294484,0.07896051974013003,0.013021416257214572,0.022356080773336267,0.010198717274734518,9
8.432732200061574,0.0799183741462604,0.013242604421559891,0.022720401419199208,0.010934707181158658,10
8.478950260106256,0.07358820589705144,0.012076784376921373,0.020748473617073326,0.012722111239617286,11
