loss,precision,hr,diversity,curr_epoch
10.603361245655252,0.02704166666666677,0.0023202173813566883,0.06781621280622437,0
5.655584832789601,0.033750000000000106,0.004056465313739243,0.08285143518031753,1
