loss,precision,hr,F1 Score,diversity,curr_epoch
9.878638401091795,0.07008995502248858,0.011746007779432254,0.020120180144929726,0.008201030385868995,0
8.490631207185023,0.10044977511244428,0.0183109932383267,0.030975467377286705,0.015771212280517297,1
8.436286008846198,0.14721805763784793,0.02415626909083535,0.0415025877354446,0.028493323520134582,2
