loss,precision,hr,F1 Score,diversity,curr_epoch
9.687009015083312,0.003748125937031479,0.000300908144773734,0.0005570916911559416,0.004310798023341394,0
8.867331504260793,0.06475928702315477,0.011027302419805825,0.01884555691829368,0.0013668383976448322,1
8.666950597763062,0.06904880892886872,0.011738978937748027,0.020066461407034508,0.001997686888865524,2
8.601833552753224,0.06355155755455569,0.010132596269344627,0.017478446628492357,0.0034696667017138053,3
8.55154915192548,0.06513409961685804,0.010886185490738633,0.018654544354780603,0.00462622226895174,4
8.52038278691909,0.06675828752290498,0.011007556806426368,0.018898930463510846,0.005046787929765535,5
8.500792035776026,0.06863235049142073,0.011269853871080752,0.019360581276531227,0.005572495005782778,6
8.485768450849196,0.0702148925537229,0.011546468279271443,0.019831715650134994,0.006518767742613816,7
8.477456305167255,0.06859070464767597,0.01125911880349112,0.01934308327971805,0.0076753233098517505,8
8.467713244662566,0.07437947692820251,0.01229359329751078,0.02109977266654241,0.008095888970665545,9
8.460409734108868,0.06913210061635826,0.010940481401645098,0.01889132189792185,0.008621596046682788,10
8.45543755867902,0.0766283524904215,0.013293472475575236,0.022656499577611837,0.00925244453790348,11
8.445825231215533,0.07587872730301513,0.012929286137408732,0.022093902093671434,0.009462727368310378,12
8.439017138200647,0.08200066633350003,0.013032530059868428,0.022490586226249543,0.00998843444432762,13
8.43499120459837,0.08841412627019836,0.014693338864028283,0.02519892649797618,0.0114604142571759,14
8.426319474612965,0.0931201066133602,0.01537659522610997,0.026394722835435425,0.012091262748396593,15
8.42066363362705,0.10003331667499626,0.017232491078386158,0.029400270550620552,0.011144990011565556,16
8.415211763381958,0.09545227386306873,0.015865996785598416,0.02720928849261891,0.011986121333193146,17
8.410486951715805,0.10440613026819963,0.017736126918730343,0.03032137149219857,0.011880979917989696,18
