loss,precision,hr,F1 Score,diversity,curr_epoch
9.705902323741421,0.07188072630351477,0.011084631596203556,0.01920732677137538,0.009883293029124171,0
8.44498345664508,0.10515575545560617,0.018866348073499788,0.0319927662554393,0.02008201030385869,1
8.381431544600984,0.1473846410128272,0.025225641028129984,0.04307822226218484,0.03637892966039323,2
