loss,precision,hr,diversity,curr_epoch
23.651106466102796,0.030416666666666838,0.0032882351960700023,0.2155399011670697,0
8.42118836627807,0.03283333333333347,0.0034405262586663593,0.2047103354011145,1
7.493871394195714,0.034833333333333424,0.0037363122186964614,0.18767742613815583,2
7.123186493509216,0.03762500000000004,0.004308037574047339,0.17095994112080748,3
6.943058694550723,0.039374999999999966,0.004823460348938436,0.1584481127115971,4
6.825834082280325,0.03816666666666666,0.004221750901917875,0.1537167490274419,5
6.732532534614037,0.03816666666666666,0.004131132639591264,0.14877510251287981,6
6.650874663332341,0.036875000000000026,0.003940806695232493,0.1469876984544212,7
6.578242732125625,0.04104166666666664,0.004499804581150279,0.14824939543686258,8
