loss,precision,hr,F1 Score,diversity,curr_epoch
11.3657613270423,0.06417624521072766,0.0106459408944974,0.018262404479423983,0.0014719798128482809,0
8.615801358363207,0.06704980842911851,0.011649504737255043,0.019850162078944408,0.004521080853748291,1
8.471854276236366,0.07421289355322346,0.01202409651218744,0.020695133117605524,0.00998843444432762,2
8.427300454728744,0.08129268698983841,0.014555269355212331,0.024689873438436885,0.014719798128482809,3
8.389132412321427,0.10315675495585627,0.018101402994226905,0.030798455536514883,0.018189464830196615,4
8.360359123033636,0.13268365817091532,0.022489788744844728,0.0384605420768546,0.024182525496793186,5
8.340245395267711,0.13797268032650384,0.024236869166978613,0.041230936305944176,0.0270213437072863,6
