loss,precision,hr,F1 Score,diversity,curr_epoch
15.582629499715917,0.005413959686823257,0.0002492591068735019,0.00047657659198641506,0.003679949532120702,0
9.400332363633549,0.06209395302348783,0.009312490149456185,0.01619599857316867,0.0028388182104931133,1
8.762925349123337,0.06242711977344627,0.010469794812336527,0.017932148115377473,0.0038902323625275995,2
8.51682152411517,0.06575878727302978,0.011721350103768482,0.019896241646500508,0.005677636420986227,3
8.455394939815298,0.07833583208395815,0.013125799456268348,0.022484191564453263,0.01072442435075176,4
8.420982350461623,0.09041312676994875,0.014600725454384981,0.025141392558773974,0.014719798128482809,5
8.392267564324772,0.09274529401965724,0.014989479108036888,0.025807891114758886,0.016612343602144884,6
8.367450094503514,0.14034649341995725,0.024479886809543955,0.04168830581916803,0.021133424455893175,7
8.349511784946218,0.1685823754789266,0.030075684728991543,0.05104479899242045,0.024182525496793186,8
