loss,precision,hr,F1 Score,diversity,curr_epoch
9.651669496087466,0.011327669498584029,0.001046479324696765,0.0019159575493328238,0.0034696667017138053,0
8.84609158852521,0.0650924537731131,0.010780542744448864,0.018497542273282454,0.002102828304068973,1
8.66194269544938,0.06663334999167049,0.011568368177750128,0.019714122494100147,0.0024182525496793186,2
8.635018551209393,0.06342662002332129,0.011010933403705086,0.01876435366144992,0.0033645252865103564,3
8.55746957245995,0.06342662002332135,0.010655056624260336,0.018245111569191102,0.004205656608137946,4
8.532211431895986,0.06559220389805069,0.011004148334035794,0.018846493866012375,0.005467353590579329,5
8.604892421610215,0.06642512077294659,0.011158404328343493,0.019107106932197433,0.006098202081800021,6
8.49774743641124,0.06700816258537375,0.01129443981241042,0.019330638729374655,0.005782777836189675,7
8.48794976122239,0.07042312177244697,0.011531692072433748,0.01981818314166278,0.005993060666596573,8
8.47723494529724,0.07092287189738451,0.011289641753023924,0.019478636043701637,0.007359899064241404,9
8.555932227863986,0.07133933033483249,0.0114668545077969,0.019757889418232262,0.008095888970665545,10
8.462588952849893,0.07429618524071285,0.012521342217910533,0.021430878950742013,0.008937020292293135,11
8.454197368060841,0.07471264367816086,0.011880215248819433,0.02050058860981534,0.009042161707496582,12
8.702776793031132,0.07146426786606679,0.011693953287256535,0.020099030463697588,0.009462727368310378,13
8.441869199416217,0.0725054139596867,0.011785273378560095,0.02027498296488202,0.009462727368310378,14
8.436874509418711,0.07721139430284868,0.012283425247113938,0.021194978545434184,0.01072442435075176,15
8.429942755418665,0.07800266533399963,0.013002333785222475,0.022289252252636792,0.010303858689937967,16
8.515428363856147,0.078544061302682,0.012632411534867365,0.021764406433294484,0.010198717274734518,17
8.419342139468474,0.10157421289355398,0.0176328832423584,0.030049322472287303,0.01156555567237935,18
