loss,precision,hr,diversity,curr_epoch
10.285325040041357,0.022125000000000044,0.0017157947919505775,0.2552833561139733,0
5.64669268556039,0.03004166666666685,0.0037527817134813822,0.23961728524865944,1
5.425089518883938,0.03162500000000017,0.004370743522895227,0.24087898223110082,2
5.242882954963818,0.03350000000000017,0.003831741746553954,0.239512143833456,3
5.087290144113998,0.03458333333333348,0.0036928696144305833,0.2427715277047629,4
4.956277494695724,0.03175000000000018,0.0038752686909702193,0.23761959835979393,5
4.845918405436586,0.031708333333333553,0.0028662960186385034,0.24193039638313532,6
4.75362080182155,0.030750000000000163,0.0030591884195630328,0.2472926085585112,7
4.676084877410951,0.02970833333333347,0.002551795861683476,0.25601934602039744,8
