loss,precision,hr,diversity,curr_epoch
14.340897488913257,0.008666666666666673,0.0005165499572037565,0.016086636526127643,0
5.954682994453595,0.007041666666666681,0.0004316962357880025,0.015981495110924192,1
5.735399720597586,0.006166666666666675,0.00044412449356258566,0.02165913153191042,2
5.574232831674059,0.009083333333333339,0.000699221182690414,0.029019030596151824,3
5.423322062291028,0.012041666666666638,0.0009702976510030998,0.03700977815161392,4
5.280655349688231,0.016791666666666618,0.0013191722537914939,0.04426453580065188,5
5.155280393134921,0.020250000000000018,0.0014493396452023351,0.0466827883503312,6
5.049435485403766,0.0262500000000001,0.0026472885069201324,0.052991273262538115,7
4.9593589082437,0.028083333333333457,0.0025270105355755072,0.05488381873620019,8
