loss,precision,hr,F1 Score,diversity,curr_epoch
9.545784493334153,0.05759620189905019,0.008056612651022357,0.014135884106440427,0.003259383871306908,0
8.724045668489794,0.06051141096118577,0.01043315292638127,0.017797693572397702,0.003259383871306908,1
8.58640429132125,0.062010661335998335,0.010671679168492761,0.018209591991962405,0.005467353590579329,2
8.523643046266892,0.067133100116608,0.011292690953757787,0.019333266315524563,0.007465040479444854,3
8.495592311410343,0.06859070464767589,0.01156746158139398,0.01979636955729143,0.007780464725055199,4
8.47757807451136,0.07025653839746782,0.012362764485848905,0.021025716932653617,0.009042161707496582,5
8.463802171314464,0.070214892553723,0.011297369982918498,0.019463172651690237,0.008937020292293135,6
8.45141691011541,0.0753789771780777,0.012437578688278616,0.021352054879516864,0.011144990011565556,7
8.438825518664192,0.07154755955355652,0.011362616694562871,0.019610801265349205,0.01240668699400694,8
8.42765517094556,0.07108945527236374,0.011244670716704158,0.01941789036720297,0.014509515298075912,9
8.415130572038539,0.07246376811594195,0.011773905331206718,0.020256531568975694,0.014509515298075912,10
8.404420898381401,0.07013160086623331,0.011227658312115812,0.01935646069936918,0.01692776784775523,11
8.393285221773036,0.0753789771780775,0.012577403140742955,0.021557771724325492,0.016507202186941437,12
8.38414099076215,0.08145927036481775,0.014136976397782216,0.02409274048986039,0.018715171906213857,13
8.375342016781078,0.08454106280193267,0.014856438920023618,0.02527184514685555,0.019661444643044895,14
8.368134061308469,0.08187572880226558,0.013841617779661065,0.023679982447949204,0.02144884870150352,15
8.362308159996482,0.1131934032983515,0.01925667262318408,0.03291396090571797,0.022079697192724214,16
