loss,precision,hr,F1 Score,diversity,curr_epoch
9.442185330951915,0.06209395302348795,0.010179898840694649,0.01749208445637622,0.003259383871306908,0
8.644361371994018,0.06230218224221188,0.010954431969427266,0.018632720724642365,0.0038902323625275995,1
12.71237535981571,0.06596701649175372,0.011251465363515815,0.01922404023903489,0.0051519293449689835,2
8.585081960734199,0.06784107946026967,0.01149017350312797,0.01965192139339191,0.006518767742613816,3
8.531563463491551,0.06792437114775923,0.011640349824991097,0.01987472417764751,0.0058879192513931235,4
16.466262504353242,0.06725803764784245,0.011435996136535443,0.0195481822878515,0.006729050573020713,5
8.815617993859684,0.07054805930368131,0.011516817703518796,0.01980114192497347,0.006623909157817264,6
8.626567709866691,0.06950691321006142,0.011920431293095108,0.020350716049288408,0.00620334349700347,7
11.831793961524964,0.07063135099117089,0.011551469056071526,0.01985563077280686,0.006834191988224161,8
8.734682464038624,0.07504581042811921,0.011940423624573416,0.020602771864301324,0.007780464725055199,9
10.506302300901973,0.07196401799100441,0.012874197440265849,0.021841076488969765,0.006623909157817264,10
8.67975154988906,0.06946526736631671,0.011345972954416866,0.019505975695496204,0.006834191988224161,11
8.991634913332321,0.08312510411460973,0.014246839684315421,0.024324666548886244,0.007254757649037956,12
8.644967743088218,0.07879393636515088,0.013976913833569839,0.023742286651991584,0.008726737461886238,13
8.681968535815969,0.07783608195902054,0.013450466739937212,0.022937259573902278,0.008621596046682788,14
8.658289570527918,0.08329168748958878,0.013620347283354347,0.02341219461716534,0.00925244453790348,15
8.713024127623614,0.07592037314675996,0.011627229640435515,0.02016602590731451,0.010619282935548313,16
