loss,precision,hr,diversity,curr_epoch
9.127137548032184,0.02062500000000004,0.002233781876421428,0.28377667963410785,0
