loss,precision,hr,diversity,curr_epoch
10.602140417305252,0.03620833333333336,0.00397642271180997,0.09073704132057618,0
6.829754966908699,0.0355416666666667,0.004270636472265119,0.0851645463147934,1
6.562048691063045,0.033041666666666844,0.002927557179153654,0.10156660708653138,2
6.2517389013642015,0.03008333333333347,0.0026250153353851308,0.13005993060666596,3
6.008147763174668,0.03154166666666683,0.0024775710644889246,0.13048049626747976,4
5.8547005992225465,0.031125000000000153,0.0034688868644955797,0.13352959730837977,5
5.756263586077705,0.03241666666666684,0.003321971215625281,0.13090106192829357,6
5.688469322530666,0.03279166666666681,0.0030218258169462013,0.13069077909788665,7
5.63857612207179,0.03562500000000004,0.003408416167588791,0.12890337503942803,8
