loss,precision,hr,F1 Score,diversity,curr_epoch
9.847660626804128,0.04152090621355986,0.0040070612243488105,0.007308774041585979,0.001156555567237935,0
8.735734627667595,0.06675828752290487,0.010820100396895517,0.018621974307313157,0.0016822626432551782,1
8.617143166485954,0.06317674496085252,0.01118093700664923,0.018999387474213078,0.0034696667017138053,2
8.526469676634845,0.0653839746793267,0.010744960017859973,0.018456798234012247,0.004731363684155189,3
8.634670728234683,0.0653006829918371,0.010326037879687578,0.01783225078047962,0.005572495005782778,4
8.480963191425099,0.07033983008495738,0.011546538629275389,0.019836795256777853,0.0071496162338345074,5
8.467155180538402,0.06921539230384803,0.011306200285763788,0.01943734750089825,0.008306171801072442,6
8.511081945755903,0.07579543561552557,0.011648555917562121,0.020193665787302226,0.009778151613920724,7
8.445186662673951,0.07846076961519251,0.012842914580444719,0.022072821506846033,0.008621596046682788,8
8.43660873861874,0.07941862402132281,0.012512610145398548,0.02161907842682968,0.010198717274734518,9
8.42698932647705,0.08383308345827109,0.01241113499174432,0.02162132400950685,0.012932394070024182,10
8.462066243396086,0.09749292020656378,0.01592736340882496,0.027381436907407495,0.012932394070024182,11
8.410701350043801,0.11198567382975239,0.01885568566438558,0.032276746019943715,0.01314267690043108,12
8.401172236554762,0.10623854739297074,0.017424463346219204,0.02993861566104898,0.015981495110924192,13
8.390526066106908,0.09782608695652219,0.01711688807726673,0.02913580722927207,0.014509515298075912,14
8.408820919429555,0.12018990504747734,0.02227413629453653,0.03758318662079688,0.01787404058458627,15
8.37098175020779,0.09720139930035031,0.01707804752325663,0.029051770247727777,0.019030596151824203,16
8.362682996357188,0.12231384307846163,0.021000066817916337,0.03584577211327266,0.02218483860792766,17
8.355344569823322,0.13151757454606128,0.02400281679615813,0.040596505963744936,0.0192408789822311,18
8.402000632286072,0.14172080626353525,0.025295410687154813,0.042928597746998774,0.02018715171906214,19
8.3452086501963,0.15837914376145243,0.0287400693195729,0.04865163224588527,0.0231311113447587,20
8.340817032140844,0.16291854072963496,0.02989801524773903,0.050524095196945625,0.02260540426874146,21
8.3363028085933,0.16420956188572333,0.03112137849255244,0.0523258416474626,0.0233413941751656,22
