loss,precision,hr,diversity,curr_epoch
14.028595585042245,0.029625000000000117,0.0032279321974390492,0.19093681000946272,0
7.203906555745432,0.034291666666666755,0.003540846252550741,0.16685942592787298,1
6.93433310590247,0.038083333333333295,0.0032698511843954397,0.14541057722636946,2
6.732382665333615,0.038624999999999965,0.004227168855869777,0.1430974660918936,3
6.571707395520195,0.037250000000000005,0.003686859608298994,0.14782882977604878,4
6.44038320054232,0.034666666666666714,0.003697142028260674,0.15403217327305224,5
6.3302138924721465,0.03725000000000002,0.0036613670414164,0.1670697087582799,6
6.235990796840523,0.037833333333333316,0.003583757393842948,0.18378719377562822,7
