loss,precision,hr,diversity,curr_epoch
13.276454143249167,0.014458333333333281,0.0009606882980442824,0.055830091473031224,0
5.8924595069688825,0.022541666666666706,0.0017277465810218715,0.10387971822100725,1
5.665707060286485,0.030583333333333504,0.0029971935967707114,0.10903164756597623,2
5.498720654743953,0.0363333333333334,0.003823506940863387,0.09042161707496583,3
5.343674821784886,0.041708333333333306,0.004085312172807131,0.08737251603406582,4
5.196468097419621,0.041208333333333236,0.004569017246804589,0.08243086951950374,5
5.06731524108981,0.0422916666666666,0.004118943722536692,0.08726737461886237,6
4.958394147340596,0.04029166666666658,0.00448984130218851,0.09326043528545894,7
4.8668718318369555,0.03920833333333336,0.0038436480208331133,0.09977920302807276,8
